{
    "img/topology-64-aws-eks-cpu-size64-0-hops.png": 1724355417.8588018,
    "img/topology-lammps-64-aws-eks-cpu-size64-0-hops.png": 1724619669.8489935,
    "img/topology-32-aws-eks-cpu-size32-noefa-0-hops.png": 1724288308.9000733,
    "img/topology-32-aws-eks-cpu-size32-noefa-1-hops.png": 1724288308.9010732,
    "img/topology-32-aws-eks-cpu-size32-0-hops.png": 1724289542.272225,
    "img/topology-quicksilver-32-aws-eks-cpu-size32-0-hops.png": 1724340251.9510138,
    "img/topology-amg2023-32-aws-eks-cpu-size32-0-hops.png": 1724365729.7789426,
    "img/topology-lammps-32-aws-eks-cpu-size32-0-hops.png": 1724619669.8439932,
    "img/topology-128-aws-eks-cpu-size128-0-hops.png": 1724368858.1458447,
    "img/topology-lammps-128-aws-eks-cpu-size128-0-hops.png": 1724619669.841993,
    "img/topology-64-aws-eks-cpu-size64-noefa-0-hops.png": 1724354047.2580464,
    "img/topology-256-aws-eks-cpu-size256-broken-0-hops.png": 1724378055.8640294,
    "img/topology-3-256-aws-eks-cpu-size256-0-hops.png": 1725164496.6715534,
    "img/topology-2-256-aws-eks-cpu-size256-0-hops.png": 1725164496.6715534,
    "img/topology-256-aws-eks-cpu-size256-0-hops.png": 1725164496.6715534,
    "img/topology-128-aws-eks-cpu-size128-broken-0-hops.png": 1724271493.8666792,
    "img/topology-16-aws-eks-gpu-size16-0-hops.png": 1724965146.342585,
    "img/topology-size-64-mixbench-aws-parallel-cluster-cpu-size64-0-hops.png": 1726528955.8069994,
    "img/topology-size-64-kripke-aws-parallel-cluster-cpu-size64-0-hops.png": 1726528955.7849996,
    "img/topology-size-64-osu-aws-parallel-cluster-cpu-size64-0-hops.png": 1726528955.8209994,
    "img/topology-size-64-mt-gemm-aws-parallel-cluster-cpu-size64-0-hops.png": 1726528955.8069994,
    "img/topology-size-64-amg2023-aws-parallel-cluster-cpu-size64-0-hops.png": 1726528955.7849996,
    "img/topology-size-64-lammps-aws-parallel-cluster-cpu-size64-0-hops.png": 1726528955.7909997,
    "img/topology-size-64-minife-aws-parallel-cluster-cpu-size64-0-hops.png": 1726528955.7909997,
    "img/topology-size-64-laghos-aws-parallel-cluster-cpu-size64-0-hops.png": 1726528955.7849996,
    "img/topology-size-64-nekrs-aws-parallel-cluster-cpu-size64-0-hops.png": 1726528955.8209994,
    "img/topology-size-32-mixbench-aws-parallel-cluster-cpu-size32-0-hops.png": 1726528955.7599998,
    "img/topology-size-32-stream-aws-parallel-cluster-cpu-size32-0-hops.png": 1726528955.7839997,
    "img/topology-size-32-kripke-aws-parallel-cluster-cpu-size32-0-hops.png": 1726528955.7509997,
    "img/topology-size-32-osu-aws-parallel-cluster-cpu-size32-0-hops.png": 1726528955.7669997,
    "img/topology-size-32-mt-gemm-aws-parallel-cluster-cpu-size32-0-hops.png": 1726528955.7599998,
    "img/topology-size-32-lammps-reax-aws-parallel-cluster-cpu-size32-0-hops.png": 1726528955.7509997,
    "img/topology-size-32-minife-aws-parallel-cluster-cpu-size32-0-hops.png": 1726528955.7519996,
    "img/topology-size-32-laghos-aws-parallel-cluster-cpu-size32-0-hops.png": 1726528955.7509997,
    "img/topology-size-32-nekrs-aws-parallel-cluster-cpu-size32-0-hops.png": 1726528955.7669997,
    "img/topology-size-32-quicksilver-aws-parallel-cluster-cpu-size32-0-hops.png": 1726528955.7679996,
    "img/topology-size-128-mixbench-aws-parallel-cluster-cpu-size128-0-hops.png": 1726528955.65,
    "img/topology-size-128-kripke-aws-parallel-cluster-cpu-size128-0-hops.png": 1726528955.614,
    "img/topology-size-128-osu-aws-parallel-cluster-cpu-size128-0-hops.png": 1726528955.661,
    "img/topology-size-128-mt-gemm-aws-parallel-cluster-cpu-size128-0-hops.png": 1726528955.65,
    "img/topology-size-128-amg2023-aws-parallel-cluster-cpu-size128-0-hops.png": 1726528955.6130002,
    "img/topology-size-128-lammps-aws-parallel-cluster-cpu-size128-0-hops.png": 1726528955.6150002,
    "img/topology-size-128-minife-aws-parallel-cluster-cpu-size128-0-hops.png": 1726528955.6150002,
    "img/topology-size-128-laghos-aws-parallel-cluster-cpu-size128-0-hops.png": 1726528955.614,
    "img/topology-size-128-quicksilver-aws-parallel-cluster-cpu-size128-0-hops.png": 1726528955.662,
    "img/topology-size-256-mixbench-aws-parallel-cluster-cpu-size256-0-hops.png": 1726528955.7489998,
    "img/topology-size-256-kripke-aws-parallel-cluster-cpu-size256-0-hops.png": 1726528955.672,
    "img/topology-size-256-osu-aws-parallel-cluster-cpu-size256-0-hops.png": 1726528955.7489998,
    "img/topology-size-256-mt-gemm-aws-parallel-cluster-cpu-size256-0-hops.png": 1726528955.7489998,
    "img/topology-size-256-amg2023-aws-parallel-cluster-cpu-size256-0-hops.png": 1726528955.663,
    "img/topology-size-256-lammps-aws-parallel-cluster-cpu-size256-0-hops.png": 1726528955.681,
    "img/topology-size-256-minife-aws-parallel-cluster-cpu-size256-0-hops.png": 1726528955.682,
    "img/topology-size-256-quicksilver-aws-parallel-cluster-cpu-size256-0-hops.png": 1726528955.7499998
}